"gene_id";"log2FoldChange";"log2CPM";"pvalue";"FDR";"gene_name";"gene_chr";"gene_start";"gene_end";"gene_strand";"gene_length";"gene_biotype";"gene_description"
"ENSG00000002745";-10,63684170853;2,58893088054653;6,20711109136791e-05;0,00836948468119778;"WNT16";"7";121325367;121341104;"+";15738;"protein_coding";"Wnt family member 16 [Source:HGNC Symbol;Acc:HGNC:16267]"
"ENSG00000007264";-6,47690634230195;3,4906676153636;0,000300982017686429;0,0242403379055096;"MATK";"19";3777969;3801812;"-";23844;"protein_coding";"megakaryocyte-associated tyrosine kinase [Source:HGNC Symbol;Acc:HGNC:6906]"
"ENSG00000011201";-6,90617407171666;3,91211374406036;0,000144944840600523;0,0143162072515436;"ANOS1";"X";8528874;8732187;"-";203314;"protein_coding";"anosmin 1 [Source:HGNC Symbol;Acc:HGNC:6211]"
"ENSG00000015520";-6,74536699462447;1,91005994099658;0,00069960977222065;0,0429433002114499;"NPC1L1";"7";44512440;44541651;"-";29212;"protein_coding";"NPC1 like intracellular cholesterol transporter 1 [Source:HGNC Symbol;Acc:HGNC:7898]"
"ENSG00000018869";-12,1601245894451;4,09390579837336;4,54950542266288e-06;0,00169009484099454;"ZNF582";"19";56382751;56393601;"-";10851;"protein_coding";"zinc finger protein 582 [Source:HGNC Symbol;Acc:HGNC:26421]"
"ENSG00000021645";-5,963005060418;3,5534466424889;0,000570158269748724;0,0373918433841494;"NRXN3";"14";77979904;79868290;"+";1888387;"protein_coding";"neurexin 3 [Source:HGNC Symbol;Acc:HGNC:8010]"
"ENSG00000033627";-7,9517824156494;5,92160574706864;1,69201596744548e-05;0,00368859480903115;"ATP6V0A1";"17";42458844;42522579;"+";63736;"protein_coding";"ATPase H+ transporting V0 subunit a1 [Source:HGNC Symbol;Acc:HGNC:865]"
"ENSG00000036448";-10,1560736305404;2,11914779082982;0,000139597118841594;0,0139237608453345;"MYOM2";"8";2045043;2145456;"+";200637;"protein_coding";"myomesin 2 [Source:HGNC Symbol;Acc:HGNC:7614]"
"ENSG00000037280";-9,93596009623941;5,04977430343516;3,03285663538453e-06;0,00133989890774429;"FLT4";"5";180601506;180650298;"-";48793;"protein_coding";"fms related receptor tyrosine kinase 4 [Source:HGNC Symbol;Acc:HGNC:3767]"
"ENSG00000043355";-5,61642359529251;6,17565001005727;0,00066436655289638;0,0414870132499925;"ZIC2";"13";99981756;99986773;"+";5018;"protein_coding";"Zic family member 2 [Source:HGNC Symbol;Acc:HGNC:12873]"
"ENSG00000044115";-6,12610489623768;7,54812947078602;0,000265192691231232;0,0220424774359914;"CTNNA1";"5";138753386;138935034;"+";181649;"protein_coding";"catenin alpha 1 [Source:HGNC Symbol;Acc:HGNC:2509]"
"ENSG00000046889";-9,75473890353451;1,73013949302948;0,000276614014001243;0,0226811031390298;"PREX2";"8";67951918;68237033;"+";285116;"protein_coding";"phosphatidylinositol-3,4,5-trisphosphate dependent Rac exchange factor 2 [Source:HGNC Symbol;Acc:HGNC:22950]"
"ENSG00000051523";-10,3270835016407;6,35595052346251;7,08534406347067e-07;0,000697159556688414;"CYBA";"16";88643289;88651084;"-";7796;"protein_coding";"cytochrome b-245 alpha chain [Source:HGNC Symbol;Acc:HGNC:2577]"
"ENSG00000052850";-5,74554421703863;3,74567572161271;0,000727204493428578;0,0439048205435503;"ALX4";"11";44260728;44310166;"-";49439;"protein_coding";"ALX homeobox 4 [Source:HGNC Symbol;Acc:HGNC:450]"
"ENSG00000059804";-9,68707458110347;1,66489948754472;0,000310315686558194;0,0244531447723758;"SLC2A3";"12";7919228;7936296;"-";17069;"protein_coding";"solute carrier family 2 member 3 [Source:HGNC Symbol;Acc:HGNC:11007]"
"ENSG00000061455";-12,2636265382464;4,19672684684817;3,7992279047736e-06;0,00155409765282233;"PRDM6";"5";123089103;123194266;"+";105164;"protein_coding";"PR/SET domain 6 [Source:HGNC Symbol;Acc:HGNC:9350]"
"ENSG00000064655";-6,17264117810475;2,79848792856823;0,000612162380403035;0,0391866109678084;"EYA2";"20";46894624;47188844;"+";294221;"protein_coding";"EYA transcriptional coactivator and phosphatase 2 [Source:HGNC Symbol;Acc:HGNC:3520]"
"ENSG00000065320";-12,4384142304397;4,37046932113813;2,81276998340636e-06;0,00129622410146699;"NTN1";"17";9021542;9244000;"+";222459;"protein_coding";"netrin 1 [Source:HGNC Symbol;Acc:HGNC:8029]"
"ENSG00000066382";-9,67315238176367;1,65148981334196;0,000317739506810783;0,0247584820920083;"MPPED2";"11";30384493;30586995;"-";202503;"protein_coding";"metallophosphoesterase domain containing 2 [Source:HGNC Symbol;Acc:HGNC:1180]"
"ENSG00000066468";-9,27127048042714;4,38881042026452;9,51954985987971e-06;0,00275939967393042;"FGFR2";"10";121478330;121598458;"-";120129;"protein_coding";"fibroblast growth factor receptor 2 [Source:HGNC Symbol;Acc:HGNC:3689]"
"ENSG00000067445";-13,3858978737667;5,31403868618079;5,48063439914894e-07;0,000604516492450786;"TRO";"X";54920563;54931436;"+";10874;"protein_coding";"trophinin [Source:HGNC Symbol;Acc:HGNC:12326]"
"ENSG00000068078";-7,66516555228257;4,97380944903477;3,46211630167587e-05;0,00583526879994499;"FGFR3";"4";1793299;1808872;"+";15574;"protein_coding";"fibroblast growth factor receptor 3 [Source:HGNC Symbol;Acc:HGNC:3690]"
"ENSG00000068615";-11,0190020461096;2,96458594648215;3,24205030190506e-05;0,00556745675901678;"REEP1";"2";86213993;86338083;"-";124091;"protein_coding";"receptor accessory protein 1 [Source:HGNC Symbol;Acc:HGNC:25786]"
"ENSG00000069188";-7,10281847134224;3,15736732401273;0,000180727320869516;0,0166993879278569;"SDK2";"17";73334384;73644481;"-";310098;"protein_coding";"sidekick cell adhesion molecule 2 [Source:HGNC Symbol;Acc:HGNC:19308]"
"ENSG00000070886";-9,67315238176367;1,65148981334196;0,000317739506810783;0,0247584820920083;"EPHA8";"1";22563502;22603594;"+";40093;"protein_coding";"EPH receptor A8 [Source:HGNC Symbol;Acc:HGNC:3391]"
"ENSG00000072041";-13,7129115548201;5,64019586416634;3,11547577237787e-07;0,000446146488024529;"SLC6A15";"12";84859488;84912829;"-";53342;"protein_coding";"solute carrier family 6 member 15 [Source:HGNC Symbol;Acc:HGNC:13621]"
"ENSG00000075340";-6,79769321469292;5,46757163536453;0,000104463811815963;0,0117503998259873;"ADD2";"2";70656784;70768243;"-";111460;"protein_coding";"adducin 2 [Source:HGNC Symbol;Acc:HGNC:244]"
"ENSG00000077092";-7,31396292939957;4,3143188133063;7,23715913958797e-05;0,00914847276513332;"RARB";"3";24829323;25597932;"+";768610;"protein_coding";"retinoic acid receptor beta [Source:HGNC Symbol;Acc:HGNC:9865]"
"ENSG00000077522";-6,30195638020632;2,37749408862603;0,000700662537098315;0,0429433002114499;"ACTN2";"1";236686454;236764631;"+";78178;"protein_coding";"actinin alpha 2 [Source:HGNC Symbol;Acc:HGNC:164]"
"ENSG00000077943";-7,60008898154898;4,59736016195877;4,44049488957118e-05;0,0066527019320876;"ITGA8";"10";15513949;15720335;"-";206387;"protein_coding";"integrin subunit alpha 8 [Source:HGNC Symbol;Acc:HGNC:6144]"
"ENSG00000078053";-9,42992030102573;1,41802160498197;0,000479859716643944;0,0326537810170831;"AMPH";"7";38383694;38631567;"-";247874;"protein_coding";"amphiphysin [Source:HGNC Symbol;Acc:HGNC:471]"
"ENSG00000079462";-11,8276309714692;3,76395839612435;8,0764756535074e-06;0,00247085859362681;"PAFAH1B3";"19";42297033;42302800;"-";5768;"protein_coding";"platelet activating factor acetylhydrolase 1b catalytic subunit 3 [Source:HGNC Symbol;Acc:HGNC:8576]"
"ENSG00000085563";-9,32300062674893;5,35498768639002;4,01857630090947e-06;0,00159022053055337;"ABCB1";"7";87503863;87713323;"-";209461;"protein_coding";"ATP binding cassette subfamily B member 1 [Source:HGNC Symbol;Acc:HGNC:40]"
"ENSG00000085662";-6,13524839449603;6,45856475140055;0,000267065168173486;0,0221475501424235;"AKR1B1";"7";134442350;134459239;"-";16890;"protein_coding";"aldo-keto reductase family 1 member B [Source:HGNC Symbol;Acc:HGNC:381]"
"ENSG00000088882";-10,9742856279792;2,92054619050555;3,50313043251545e-05;0,0058502278223008;"CPXM1";"20";2794069;2800646;"-";6578;"protein_coding";"carboxypeptidase X, M14 family member 1 [Source:HGNC Symbol;Acc:HGNC:15771]"
"ENSG00000088992";-7,13156539968848;3,18555196235713;0,000172029448384351;0,0160587284561044;"TESC";"12";117038923;117099490;"-";60568;"protein_coding";"tescalcin [Source:HGNC Symbol;Acc:HGNC:26065]"
"ENSG00000091129";-7,48594066914547;5,05246264270804;4,28012692350429e-05;0,00654715549483601;"NRCAM";"7";108147626;108456442;"-";308817;"protein_coding";"neuronal cell adhesion molecule [Source:HGNC Symbol;Acc:HGNC:7994]"
"ENSG00000095596";-10,5931482101891;2,54609464124297;6,69247936574148e-05;0,0086706905263055;"CYP26A1";"10";93073475;93077884;"+";4410;"protein_coding";"cytochrome P450 family 26 subfamily A member 1 [Source:HGNC Symbol;Acc:HGNC:2603]"
"ENSG00000095777";-7,37975428286657;2,52434256951857;0,000242071697874251;0,0207302028278537;"MYO3A";"10";25934073;26212536;"+";278464;"protein_coding";"myosin IIIA [Source:HGNC Symbol;Acc:HGNC:7601]"
"ENSG00000099954";-8,60776779549748;4,64373793353308;1,37766934225337e-05;0,00321509167141514;"CECR2";"22";17359949;17558155;"+";198207;"protein_coding";"CECR2 histone acetyl-lysine reader [Source:HGNC Symbol;Acc:HGNC:1840]"
"ENSG00000100077";-12,630769579105;4,56181093527621;2,01828177648729e-06;0,00113042409776609;"GRK3";"22";25564894;25729294;"+";164401;"protein_coding";"G protein-coupled receptor kinase 3 [Source:HGNC Symbol;Acc:HGNC:290]"
"ENSG00000100285";-9,50062200990997;5,53188887547125;2,95306326221269e-06;0,00132727433486562;"NEFH";"22";29480192;29491290;"+";11099;"protein_coding";"neurofilament heavy chain [Source:HGNC Symbol;Acc:HGNC:7737]"
"ENSG00000100626";-5,74376872155088;3,34016774729508;0,000821015655631684;0,0477474376340688;"GALNT16";"14";69259546;69379904;"+";120359;"protein_coding";"polypeptide N-acetylgalactosaminyltransferase 16 [Source:HGNC Symbol;Acc:HGNC:23233]"
"ENSG00000101098";-7,79929517950587;3,84288950362287;5,51430340164468e-05;0,00769171377932092;"RIMS4";"20";44751804;44810338;"-";58535;"protein_coding";"regulating synaptic membrane exocytosis 4 [Source:HGNC Symbol;Acc:HGNC:16183]"
"ENSG00000101144";-8,24306545920785;4,28195904228596;2,57876990428062e-05;0,00506687050892148;"BMP7";"20";57168753;57266651;"-";97899;"protein_coding";"bone morphogenetic protein 7 [Source:HGNC Symbol;Acc:HGNC:1074]"
"ENSG00000101680";-7,11793321133788;3,72308201205071;0,000124413140272521;0,0128311183704289;"LAMA1";"18";6941744;7117814;"-";176071;"protein_coding";"laminin subunit alpha 1 [Source:HGNC Symbol;Acc:HGNC:6481]"
"ENSG00000102195";-10,3079502763332;2,2671614607898;0,000109361602072453;0,0121015759424003;"GPR50";"X";151176584;151182855;"+";6272;"protein_coding";"G protein-coupled receptor 50 [Source:HGNC Symbol;Acc:HGNC:4506]"
"ENSG00000102349";-7,53454349329538;3,58170313666077;8,66160069998734e-05;0,0103050403622137;"KLF8";"X";55908123;56291531;"+";383409;"protein_coding";"KLF transcription factor 8 [Source:HGNC Symbol;Acc:HGNC:6351]"
"ENSG00000102678";-10,0947280596597;2,05947817207033;0,000155010078937777;0,0150087684409806;"FGF9";"13";21671076;21704501;"+";33426;"protein_coding";"fibroblast growth factor 9 [Source:HGNC Symbol;Acc:HGNC:3687]"
"ENSG00000103449";-8,42244228070929;4,45980645611055;1,89532770981381e-05;0,00403516377798138;"SALL1";"16";51135975;51151272;"-";15298;"protein_coding";"spalt like transcription factor 1 [Source:HGNC Symbol;Acc:HGNC:10524]"
"ENSG00000103460";-10,3435464277788;2,30190809038537;0,000102863208041747;0,0117026185998995;"TOX3";"16";52436415;52547802;"-";111388;"protein_coding";"TOX high mobility group box family member 3 [Source:HGNC Symbol;Acc:HGNC:11972]"
"ENSG00000103485";-6,16944897339262;3,19039056975081;0,000504776799803118;0,0340944418805795;"QPRT";"16";29670588;29698699;"+";28112;"protein_coding";"quinolinate phosphoribosyltransferase [Source:HGNC Symbol;Acc:HGNC:9755]"
"ENSG00000104267";-17,1986809718518;9,12289479499471;7,44572959291853e-10;6,7767307889948e-06;"CA2";"8";85463902;85481492;"+";17591;"protein_coding";"carbonic anhydrase 2 [Source:HGNC Symbol;Acc:HGNC:1373]"
"ENSG00000104722";-20,1209047516942;12,0448570071563;4,70842339559423e-12;1,71414862140003e-07;"NEFM";"8";24913761;24919093;"+";5333;"protein_coding";"neurofilament medium chain [Source:HGNC Symbol;Acc:HGNC:7734]"
"ENSG00000105538";-6,30220822211872;4,10168632719572;0,000299896280688872;0,0242084789240777;"RASIP1";"19";48720585;48740833;"-";20249;"protein_coding";"Ras interacting protein 1 [Source:HGNC Symbol;Acc:HGNC:24716]"
"ENSG00000105699";-5,52355949478426;5,54704686096934;0,000766182611730473;0,0455778499389863;"LSR";"19";35248656;35267964;"+";19309;"protein_coding";"lipolysis stimulated lipoprotein receptor [Source:HGNC Symbol;Acc:HGNC:29572]"
"ENSG00000106236";-10,5782846118143;2,53152850717928;6,86607848309148e-05;0,00880163567800805;"NPTX2";"7";98617285;98629869;"+";12585;"protein_coding";"neuronal pentraxin 2 [Source:HGNC Symbol;Acc:HGNC:7953]"
"ENSG00000106511";-11,6037327870727;3,54213343734987;1,18494774994943e-05;0,00308137198461849;"MEOX2";"7";15611212;15686683;"-";75472;"protein_coding";"mesenchyme homeobox 2 [Source:HGNC Symbol;Acc:HGNC:7014]"
"ENSG00000107719";-7,542454648457;4,54029948488581;4,89137665492506e-05;0,00706648644838102;"PALD1";"10";70458542;70568450;"+";109909;"protein_coding";"phosphatase domain containing paladin 1 [Source:HGNC Symbol;Acc:HGNC:23530]"
"ENSG00000108001";-10,5480899692586;2,50194746280069;7,23269140999575e-05;0,00914847276513332;"EBF3";"10";129835232;129964274;"-";129043;"protein_coding";"EBF transcription factor 3 [Source:HGNC Symbol;Acc:HGNC:19087]"
"ENSG00000108219";-7,93866349343596;3,98062488380799;4,35360077313551e-05;0,00660404957278215;"TSPAN14";"10";80454265;80522631;"+";68367;"protein_coding";"tetraspanin 14 [Source:HGNC Symbol;Acc:HGNC:23303]"
"ENSG00000108773";-8,99327599239189;6,95873499056682;2,80705745295156e-06;0,00129622410146699;"KAT2A";"17";42113111;42121409;"-";8299;"protein_coding";"lysine acetyltransferase 2A [Source:HGNC Symbol;Acc:HGNC:4201]"
"ENSG00000108774";-8,1687789800161;6,71427819658642;1,01404322354299e-05;0,00281811126689359;"RAB5C";"17";42124976;42155044;"-";30069;"protein_coding";"RAB5C, member RAS oncogene family [Source:HGNC Symbol;Acc:HGNC:9785]"
"ENSG00000108813";-6,54215191003158;2,61016939654553;0,000466187246090769;0,0318758612190244;"DLX4";"17";49968970;49974959;"+";5990;"protein_coding";"distal-less homeobox 4 [Source:HGNC Symbol;Acc:HGNC:2917]"
"ENSG00000111052";-6,14025557037053;3,72648528128902;0,000424105160830545;0,0297494652893966;"LIN7A";"12";80792520;80937915;"-";145396;"protein_coding";"lin-7 homolog A, crumbs cell polarity complex component [Source:HGNC Symbol;Acc:HGNC:17787]"
"ENSG00000111058";-9,68707458110347;1,66489948754472;0,000310315686558194;0,0244531447723758;"ACSS3";"12";81078018;81256759;"+";178742;"protein_coding";"acyl-CoA synthetase short chain family member 3 [Source:HGNC Symbol;Acc:HGNC:24723]"
"ENSG00000112238";-9,57174320189271;1,55396068205187;0,000377396827332541;0,027424122205975;"PRDM13";"6";99606774;99615578;"+";8805;"protein_coding";"PR/SET domain 13 [Source:HGNC Symbol;Acc:HGNC:13998]"
"ENSG00000112246";-6,09121543199672;3,1142348437542;0,000576533143268392;0,0376151713509482;"SIM1";"6";100385009;100464929;"-";79921;"protein_coding";"SIM bHLH transcription factor 1 [Source:HGNC Symbol;Acc:HGNC:10882]"
"ENSG00000112276";-10,9855953387793;2,93168280482813;3,4351758147124e-05;0,00581679119583347;"BVES";"6";105096822;105137174;"-";40353;"protein_coding";"popeye domain cAMP effector 1 [Source:HGNC Symbol;Acc:HGNC:1152]"
"ENSG00000112796";-10,0842453160703;2,04928880192067;0,00015780809480308;0,0151988399455051;"ENPP5";"6";46159182;46171010;"-";11829;"protein_coding";"ectonucleotide pyrophosphatase/phosphodiesterase family member 5 [Source:HGNC Symbol;Acc:HGNC:13717]"
"ENSG00000112837";-8,80357945862598;4,83825758869159;9,8268418195204e-06;0,00278991266365184;"TBX18";"6";84666810;84764236;"-";97427;"protein_coding";"T-box transcription factor 18 [Source:HGNC Symbol;Acc:HGNC:11595]"
"ENSG00000114812";-6,49867787102046;2,56796819781372;0,000501917879194925;0,0339643537360046;"VIPR1";"3";42489299;42537573;"+";48275;"protein_coding";"vasoactive intestinal peptide receptor 1 [Source:HGNC Symbol;Acc:HGNC:12694]"
"ENSG00000115828";-8,43061807806461;5,42171424044166;1,06365862198934e-05;0,00288981759642864;"QPCT";"2";37344610;37373322;"+";28713;"protein_coding";"glutaminyl-peptide cyclotransferase [Source:HGNC Symbol;Acc:HGNC:9753]"
"ENSG00000115844";-5,70068767410921;5,13949075540104;0,000600914773985862;0,0388577322588442;"DLX2";"2";172099438;172102750;"-";3313;"protein_coding";"distal-less homeobox 2 [Source:HGNC Symbol;Acc:HGNC:2915]"
"ENSG00000116035";-6,3187197816556;2,39369245287011;0,000681052102175932;0,0422627689756456;"VAX2";"2";70900551;70933917;"+";33367;"protein_coding";"ventral anterior homeobox 2 [Source:HGNC Symbol;Acc:HGNC:12661]"
"ENSG00000117013";-6,65205857832704;2,71701942412451;0,000386718951718356;0,0279117915290818;"KCNQ4";"1";40784012;40840457;"+";56446;"protein_coding";"potassium voltage-gated channel subfamily Q member 4 [Source:HGNC Symbol;Acc:HGNC:6298]"
"ENSG00000117122";-5,81271797763016;3,15291479356222;0,000805541900302548;0,0473009006813138;"MFAP2";"1";16974502;16981586;"-";7085;"protein_coding";"microfibril associated protein 2 [Source:HGNC Symbol;Acc:HGNC:7033]"
"ENSG00000118946";-13,1981413918878;5,1268688626581;7,57724949849687e-07;0,000710337064057444;"PCDH17";"13";57630104;57728931;"+";98828;"protein_coding";"protocadherin 17 [Source:HGNC Symbol;Acc:HGNC:14267]"
"ENSG00000118961";-8,05077359287162;4,09152999894775;3,58488938443451e-05;0,00590549696514583;"LDAH";"2";20682489;20823139;"-";140651;"protein_coding";"lipid droplet associated hydrolase [Source:HGNC Symbol;Acc:HGNC:26145]"
"ENSG00000118971";-7,37539776869584;3,42503213314909;0,000113957461289209;0,0123455797523839;"CCND2";"12";4273736;4305356;"+";31621;"protein_coding";"cyclin D2 [Source:HGNC Symbol;Acc:HGNC:1583]"
"ENSG00000119411";-9,19679757321823;1,19585290063359;0,000711289290342356;0,0432307143642802;"BSPRY";"9";113349532;113371233;"+";21702;"protein_coding";"B-box and SPRY domain containing [Source:HGNC Symbol;Acc:HGNC:18232]"
"ENSG00000120068";-12,4527465766849;4,38472141394887;2,74339521849963e-06;0,00129622410146699;"HOXB8";"17";48612346;48619531;"-";7186;"protein_coding";"homeobox B8 [Source:HGNC Symbol;Acc:HGNC:5119]"
"ENSG00000120093";-7,06657817442505;5,04356189942094;7,72931417167083e-05;0,00960553947804723;"HOXB3";"17";48548870;48590272;"-";41403;"protein_coding";"homeobox B3 [Source:HGNC Symbol;Acc:HGNC:5114]"
"ENSG00000120594";-9,11676770094838;1,11998767055321;0,000813871630017555;0,0474076968998706;"PLXDC2";"10";19816215;20289856;"+";473642;"protein_coding";"plexin domain containing 2 [Source:HGNC Symbol;Acc:HGNC:21013]"
"ENSG00000121410";-10,7272019605123;2,67759696926403;5,31192902307184e-05;0,00749558480674238;"A1BG";"19";58346806;58353499;"-";6694;"protein_coding";"alpha-1-B glycoprotein [Source:HGNC Symbol;Acc:HGNC:5]"
"ENSG00000121413";-10,259358511874;6,84438813499676;5,57169380025254e-07;0,000604516492450786;"ZSCAN18";"19";58083834;58118433;"-";34600;"protein_coding";"zinc finger and SCAN domain containing 18 [Source:HGNC Symbol;Acc:HGNC:21037]"
"ENSG00000121690";-6,57717861937177;3,58890350553034;0,000253520792616706;0,0213649953148236;"DEPDC7";"11";33015864;33033582;"+";17719;"protein_coding";"DEP domain containing 7 [Source:HGNC Symbol;Acc:HGNC:29899]"
"ENSG00000122378";-6,79642773609651;3,80415513586482;0,000175042446858463;0,0162981977502026;"FAM213A";"10";80407829;80437115;"+";29287;"protein_coding";"peroxiredoxin like 2A [Source:HGNC Symbol;Acc:HGNC:28651]"
"ENSG00000123119";-10,3696787692318;2,32742965105955;9,83389904472331e-05;0,0113316332089932;"NECAB1";"8";90791693;90959402;"+";167710;"protein_coding";"N-terminal EF-hand calcium binding protein 1 [Source:HGNC Symbol;Acc:HGNC:20983]"
"ENSG00000124785";-11,1753321746191;3,11870633472821;2,47298520888676e-05;0,0049467856876226;"NRN1";"6";5997999;6007605;"-";9607;"protein_coding";"neuritin 1 [Source:HGNC Symbol;Acc:HGNC:17972]"
"ENSG00000126016";-5,88054247922887;4,19259237284681;0,000533815055653987;0,0355935364764451;"AMOT";"X";112774877;112840946;"-";66070;"protein_coding";"angiomotin [Source:HGNC Symbol;Acc:HGNC:17810]"
"ENSG00000126217";-6,90045051837072;3,90648015662692;0,000146378531354164;0,0144028562499451;"MCF2L";"13";112894378;113099739;"+";205362;"protein_coding";"MCF.2 cell line derived transforming sequence like [Source:HGNC Symbol;Acc:HGNC:14576]"
"ENSG00000127399";-11,8494608103818;3,78560263025634;7,77546478106144e-06;0,00239892856626545;"LRRC61";"7";150322650;150338156;"+";15507;"protein_coding";"leucine rich repeat containing 61 [Source:HGNC Symbol;Acc:HGNC:21704]"
"ENSG00000128709";-11,0730163259111;3,01780992200497;2,95249058167039e-05;0,00529499370030997;"HOXD9";"2";176122685;176124917;"+";2233;"protein_coding";"homeobox D9 [Source:HGNC Symbol;Acc:HGNC:5140]"
"ENSG00000128710";-13,0778076679553;5,00695317014289;9,32785234065755e-07;0,000784394019270014;"HOXD10";"2";176116764;176119942;"+";3179;"protein_coding";"homeobox D10 [Source:HGNC Symbol;Acc:HGNC:5133]"
"ENSG00000128713";-12,3601975111659;4,29270481421005;3,22355109026928e-06;0,00136461163944585;"HOXD11";"2";176107356;176109588;"+";2233;"protein_coding";"homeobox D11 [Source:HGNC Symbol;Acc:HGNC:5134]"
"ENSG00000129159";-10,3347293892903;2,29329957536435;0,00010443603996899;0,0117503998259873;"KCNC1";"11";17734810;17783055;"+";48246;"protein_coding";"potassium voltage-gated channel subfamily C member 1 [Source:HGNC Symbol;Acc:HGNC:6233]"
"ENSG00000129596";-10,2806646769012;2,24054101940646;0,000114618633090858;0,0123455797523839;"CDO1";"5";115804733;115816708;"-";11976;"protein_coding";"cysteine dioxygenase type 1 [Source:HGNC Symbol;Acc:HGNC:1795]"
"ENSG00000129680";-5,91156184928683;5,20974244023797;0,000428328159066618;0,0299879133826525;"MAP7D3";"X";136213220;136256482;"-";43263;"protein_coding";"MAP7 domain containing 3 [Source:HGNC Symbol;Acc:HGNC:25742]"
"ENSG00000129951";-9,60145185495374;1,58250541240134;0,00035885393866286;0,02660781362721;"PLPPR3";"19";810966;824244;"-";13279;"protein_coding";"phospholipid phosphatase related 3 [Source:HGNC Symbol;Acc:HGNC:23497]"
"ENSG00000130038";-10,2714535815192;2,23155724978244;0,000116449601670584;0,0123599539312516;"CRACR2A";"12";3613366;3753218;"-";139853;"protein_coding";"calcium release activated channel regulator 2A [Source:HGNC Symbol;Acc:HGNC:28657]"
"ENSG00000130294";-12,9637747122372;4,89334973059366;1,13827959798154e-06;0,000830877187757961;"KIF1A";"2";240713764;240820308;"-";106545;"protein_coding";"kinesin family member 1A [Source:HGNC Symbol;Acc:HGNC:888]"
"ENSG00000130413";-7,52388612613988;4,12349865631289;6,20370290461094e-05;0,00836948468119778;"STK33";"11";8335029;8594289;"-";259261;"protein_coding";"serine/threonine kinase 33 [Source:HGNC Symbol;Acc:HGNC:14568]"
"ENSG00000131080";-11,8118334867039;3,74829697334633;8,30156093457172e-06;0,00247726743757392;"EDA2R";"X";66594384;66639303;"-";44920;"protein_coding";"ectodysplasin A2 receptor [Source:HGNC Symbol;Acc:HGNC:17756]"
"ENSG00000131409";-11,1301856974638;3,07417396843737;2,67413422018004e-05;0,00506687050892148;"LRRC4B";"19";50516892;50568208;"-";51317;"protein_coding";"leucine rich repeat containing 4B [Source:HGNC Symbol;Acc:HGNC:25042]"
"ENSG00000133124";-12,8889557126146;4,81883148063023;1,29380440565029e-06;0,000915405228355608;"IRS4";"X";108719949;108736584;"-";16636;"protein_coding";"insulin receptor substrate 4 [Source:HGNC Symbol;Acc:HGNC:6128]"
"ENSG00000133135";-5,73476252991846;4,52789893481183;0,000621463530747129;0,0396234698780735;"RNF128";"X";106693838;106797016;"+";103179;"protein_coding";"ring finger protein 128 [Source:HGNC Symbol;Acc:HGNC:21153]"
"ENSG00000133874";-5,47090267157341;5,7352835284665;0,000823563818958731;0,0477695269989745;"RNF122";"8";33547754;33567128;"-";19375;"protein_coding";"ring finger protein 122 [Source:HGNC Symbol;Acc:HGNC:21147]"
"ENSG00000134247";-7,9679161158009;5,27424486796908;2,05992227614361e-05;0,00428534459344481;"PTGFRN";"1";116909923;116990358;"+";80436;"protein_coding";"prostaglandin F2 receptor inhibitor [Source:HGNC Symbol;Acc:HGNC:9601]"
"ENSG00000134532";-11,0516526702423;2,99675536850967;3,06379012224979e-05;0,00546766388189342;"SOX5";"12";23529499;24562701;"-";1033203;"protein_coding";"SRY-box transcription factor 5 [Source:HGNC Symbol;Acc:HGNC:11201]"
"ENSG00000134595";-10,3079502763332;2,2671614607898;0,000109361602072453;0,0121015759424003;"SOX3";"X";140502987;140505060;"-";2074;"protein_coding";"SRY-box transcription factor 3 [Source:HGNC Symbol;Acc:HGNC:11199]"
"ENSG00000135097";-11,6542163235512;3,59212131555397;1,08548303873312e-05;0,00292726633393467;"MSI1";"12";120339662;120369180;"-";29519;"protein_coding";"musashi RNA binding protein 1 [Source:HGNC Symbol;Acc:HGNC:7330]"
"ENSG00000135903";-11,0730163259111;3,01780992200497;2,95249058167039e-05;0,00529499370030997;"PAX3";"2";222199887;222298996;"-";99110;"protein_coding";"paired box 3 [Source:HGNC Symbol;Acc:HGNC:8617]"
"ENSG00000135917";-9,52600066585111;1,51005576049482;0,000407820221301829;0,0289982480013953;"SLC19A3";"2";227685210;227718030;"-";32821;"protein_coding";"solute carrier family 19 member 3 [Source:HGNC Symbol;Acc:HGNC:16266]"
"ENSG00000136014";-10,7539036828512;2,70381765472434;5,07295457283044e-05;0,00724258761484177;"USP44";"12";95516560;95551529;"-";34970;"protein_coding";"ubiquitin specific peptidase 44 [Source:HGNC Symbol;Acc:HGNC:20064]"
"ENSG00000136425";-6,00312035926199;3,59256404401221;0,000532582315733508;0,0355764986909983;"CIB2";"15";78104606;78131976;"-";27371;"protein_coding";"calcium and integrin binding family member 2 [Source:HGNC Symbol;Acc:HGNC:24579]"
"ENSG00000136574";-9,47876017869198;1,46477252158197;0,000441791148400429;0,030535534222117;"GATA4";"8";11676919;11760002;"+";166154;"protein_coding";"GATA binding protein 4 [Source:HGNC Symbol;Acc:HGNC:4173]"
"ENSG00000136944";-6,91715694158551;2,97561382588553;0,000248464506842399;0,0210362763630334;"LMX1B";"9";126614443;126701032;"+";86590;"protein_coding";"LIM homeobox transcription factor 1 beta [Source:HGNC Symbol;Acc:HGNC:6654]"
"ENSG00000137273";-6,19332612905553;4,1832057700634;0,000340867801848688;0,0260144429922248;"FOXF2";"6";1389834;1395597;"+";5764;"protein_coding";"forkhead box F2 [Source:HGNC Symbol;Acc:HGNC:3810]"
"ENSG00000137727";-9,83195749883133;1,8047220193895;0,000242571730062783;0,0207302028278537;"ARHGAP20";"11";110577035;110713189;"-";136155;"protein_coding";"Rho GTPase activating protein 20 [Source:HGNC Symbol;Acc:HGNC:18357]"
"ENSG00000137817";-8,28116387656944;5,27312762878948;1,37704901857483e-05;0,00321509167141514;"PARP6";"15";72241181;72272575;"-";31395;"protein_coding";"poly(ADP-ribose) polymerase family member 6 [Source:HGNC Symbol;Acc:HGNC:26921]"
"ENSG00000138792";-12,5682039978097;4,49956045079763;2,25092934903631e-06;0,00118764252001473;"ENPEP";"4";110476073;110563337;"+";87265;"protein_coding";"glutamyl aminopeptidase [Source:HGNC Symbol;Acc:HGNC:3355]"
"ENSG00000139219";-7,39991556258943;5,95001037624457;3,80597645825331e-05;0,00613099021854734;"COL2A1";"12";47972965;48006212;"-";33248;"protein_coding";"collagen type II alpha 1 chain [Source:HGNC Symbol;Acc:HGNC:2200]"
"ENSG00000139800";-5,50409640710322;5,07194719188973;0,000825763912794773;0,0477945326060517;"ZIC5";"13";99962964;99971909;"-";8946;"protein_coding";"Zic family member 5 [Source:HGNC Symbol;Acc:HGNC:20322]"
"ENSG00000140511";-7,05359617689867;3,10913367010852;0,000196649229611713;0,0178089847095622;"HAPLN3";"15";88877285;88895626;"-";18342;"protein_coding";"hyaluronan and proteoglycan link protein 3 [Source:HGNC Symbol;Acc:HGNC:21446]"
"ENSG00000140807";-6,30195638020632;2,37749408862603;0,000700662537098315;0,0429433002114499;"NKD1";"16";50548330;50649249;"+";100920;"protein_coding";"NKD inhibitor of WNT signaling pathway 1 [Source:HGNC Symbol;Acc:HGNC:17045]"
"ENSG00000140968";-9,44638465505148;1,43377419208086;0,000466676757395484;0,0318758612190244;"IRF8";"16";85899168;85922606;"+";23439;"protein_coding";"interferon regulatory factor 8 [Source:HGNC Symbol;Acc:HGNC:5358]"
"ENSG00000141314";-9,32698173558699;1,31971313632652;0,000571056005097706;0,0373918433841494;"RHBDL3";"17";32266167;32324661;"+";58495;"protein_coding";"rhomboid like 3 [Source:HGNC Symbol;Acc:HGNC:16502]"
"ENSG00000141639";-9,09604680242248;1,10038110737659;0,000842732326117468;0,0483919764426381;"MAPK4";"18";50559772;50731826;"+";172055;"protein_coding";"mitogen-activated protein kinase 4 [Source:HGNC Symbol;Acc:HGNC:6878]"
"ENSG00000142149";-7,39133375173495;3,44070803915672;0,000110870352632993;0,012231351690778;"HUNK";"21";31873315;32004064;"+";130750;"protein_coding";"hormonally up-regulated Neu-associated kinase [Source:HGNC Symbol;Acc:HGNC:13326]"
"ENSG00000142303";-10,1955678207788;2,1575990742729;0,000132687450776132;0,0134759620562189;"ADAMTS10";"19";8580240;8610735;"-";30496;"protein_coding";"ADAM metallopeptidase with thrombospondin type 1 motif 10 [Source:HGNC Symbol;Acc:HGNC:13201]"
"ENSG00000142611";-6,35979541668303;2,43341007178783;0,000635269110413089;0,0400825082039843;"PRDM16";"1";3068227;3438621;"+";370395;"protein_coding";"PR/SET domain 16 [Source:HGNC Symbol;Acc:HGNC:14000]"
"ENSG00000143195";-10,0842453160703;2,04928880192067;0,00015780809480308;0,0151988399455051;"ILDR2";"1";166913204;166975324;"-";62121;"protein_coding";"immunoglobulin like domain containing receptor 2 [Source:HGNC Symbol;Acc:HGNC:18131]"
"ENSG00000143869";-9,46266323236876;1,44935661853339;0,000453995323770607;0,0311851957682882;"GDF7";"2";20666664;20679243;"+";12580;"protein_coding";"growth differentiation factor 7 [Source:HGNC Symbol;Acc:HGNC:4222]"
"ENSG00000144619";-10,5327523104449;2,48692633258847;7,42633057524302e-05;0,00935512079315908;"CNTN4";"3";2098803;3059080;"+";960278;"protein_coding";"contactin 4 [Source:HGNC Symbol;Acc:HGNC:2174]"
"ENSG00000144649";-9,65909452113295;1,63795431815899;0,000325414374125052;0,0251529420475513;"FAM198A";"3";42979267;43057715;"+";78449;"protein_coding";"golgi associated kinase 1A [Source:HGNC Symbol;Acc:HGNC:24485]"
"ENSG00000144724";-6,54613893495871;3,16220216911076;0,000327417613954146;0,02525416452037;"PTPRG";"3";61561569;62297609;"+";736041;"protein_coding";"protein tyrosine phosphatase receptor type G [Source:HGNC Symbol;Acc:HGNC:9671]"
"ENSG00000145506";-9,60145185495374;1,58250541240134;0,00035885393866286;0,02660781362721;"NKD2";"5";1008845;1038812;"+";59819;"protein_coding";"NKD inhibitor of WNT signaling pathway 2 [Source:HGNC Symbol;Acc:HGNC:17046]"
"ENSG00000145777";-9,25403496106789;1,25024306410562;0,000645869353900625;0,0405405512036313;"TSLP";"5";111070080;111078024;"+";7945;"protein_coding";"thymic stromal lymphopoietin [Source:HGNC Symbol;Acc:HGNC:30743]"
"ENSG00000145808";-5,82249481202916;3,16240015192364;0,00079233484359277;0,0466759584398679;"ADAMTS19";"5";129460265;129738683;"+";278419;"protein_coding";"ADAM metallopeptidase with thrombospondin type 1 motif 19 [Source:HGNC Symbol;Acc:HGNC:17111]"
"ENSG00000146038";-7,70362063292251;3,7484295890378;6,50639638553729e-05;0,008644958642769;"DCDC2";"6";24171755;24383292;"-";211538;"protein_coding";"doublecortin domain containing 2 [Source:HGNC Symbol;Acc:HGNC:18141]"
"ENSG00000146122";-7,0120558203407;2,16724801521977;0,000453422017221748;0,0311851957682882;"DAAM2";"6";39792366;39904877;"+";112512;"protein_coding";"dishevelled associated activator of morphogenesis 2 [Source:HGNC Symbol;Acc:HGNC:18143]"
"ENSG00000146555";-7,09841698344874;4,10153023183983;0,000104574233467557;0,0117503998259873;"SDK1";"7";3301448;4269000;"+";967553;"protein_coding";"sidekick cell adhesion molecule 1 [Source:HGNC Symbol;Acc:HGNC:19307]"
"ENSG00000147144";-11,2892409838533;3,23114734558069;2,03016378750306e-05;0,00424770935907105;"CCDC120";"X";49053432;49069858;"+";16427;"protein_coding";"coiled-coil domain containing 120 [Source:HGNC Symbol;Acc:HGNC:28910]"
"ENSG00000147180";-6,15168569540503;6,36561397500904;0,000261587831599449;0,0218927967751944;"ZNF711";"X";85243820;85273362;"+";29543;"protein_coding";"zinc finger protein 711 [Source:HGNC Symbol;Acc:HGNC:13128]"
"ENSG00000147257";-12,209190038665;4,14264241416577;4,17693000620614e-06;0,00161771610431852;"GPC3";"X";133535745;133985646;"-";449902;"protein_coding";"glypican 3 [Source:HGNC Symbol;Acc:HGNC:4451]"
"ENSG00000148600";-10,9628865560397;2,90932293876399;3,57298203828948e-05;0,00590549696514583;"CDHR1";"10";84194635;84219621;"+";24987;"protein_coding";"cadherin related family member 1 [Source:HGNC Symbol;Acc:HGNC:14550]"
"ENSG00000149294";-12,4968859245929;4,42861852625101;2,54909573003541e-06;0,00128892193260651;"NCAM1";"11";112961247;113278436;"+";317190;"protein_coding";"neural cell adhesion molecule 1 [Source:HGNC Symbol;Acc:HGNC:7656]"
"ENSG00000149573";-6,05560738944227;3,07960941383632;0,000612458980406608;0,0391866109678084;"MPZL2";"11";118253416;118264536;"-";11121;"protein_coding";"myelin protein zero like 2 [Source:HGNC Symbol;Acc:HGNC:3496]"
"ENSG00000151468";-6,92812279255272;2,98633493770674;0,000243839884099756;0,0207897770972733;"CCDC3";"10";12896625;13099773;"-";203149;"protein_coding";"coiled-coil domain containing 3 [Source:HGNC Symbol;Acc:HGNC:23813]"
"ENSG00000152092";-9,60145185495374;1,58250541240134;0,00035885393866286;0,02660781362721;"ASTN1";"1";176855117;177164904;"-";309788;"protein_coding";"astrotactin 1 [Source:HGNC Symbol;Acc:HGNC:773]"
"ENSG00000153093";-7,10630533517302;2,25852505159769;0,000386137093408672;0,0279117915290818;"ACOXL";"2";110732539;111120610;"+";388072;"protein_coding";"acyl-CoA oxidase like [Source:HGNC Symbol;Acc:HGNC:25621]"
"ENSG00000153157";-7,12118526289058;3,72628333780523;0,000123717794709845;0,0128311183704289;"SYCP2L";"6";10886831;10974309;"+";87479;"protein_coding";"synaptonemal complex protein 2 like [Source:HGNC Symbol;Acc:HGNC:21537]"
"ENSG00000154639";-12,8116328277417;4,7418361656373;1,48078544070861e-06;0,000945780258849781;"CXADR";"21";17512906;17636213;"+";123308;"protein_coding";"CXADR Ig-like cell adhesion molecule [Source:HGNC Symbol;Acc:HGNC:2559]"
"ENSG00000154760";-9,74145754341157;1,71732539222292;0,00028292940244876;0,0231468041023585;"SLFN13";"17";35435096;35522293;"-";87198;"protein_coding";"schlafen family member 13 [Source:HGNC Symbol;Acc:HGNC:26481]"
"ENSG00000155966";-6,79668385464126;2,85795253290314;0,000305393572376304;0,0243819263068678;"AFF2";"X";148500619;149000663;"+";500045;"protein_coding";"ALF transcription elongation factor 2 [Source:HGNC Symbol;Acc:HGNC:3776]"
"ENSG00000155980";-7,34150989706793;2,48708287728527;0,000258428340125079;0,0216782077202618;"KIF5A";"12";57549992;57586633;"+";36642;"protein_coding";"kinesin family member 5A [Source:HGNC Symbol;Acc:HGNC:6323]"
"ENSG00000156298";-11,4931788562591;3,43272678200948;1,4357961357977e-05;0,00330832874176273;"TSPAN7";"X";38561478;38688918;"+";127441;"protein_coding";"tetraspanin 7 [Source:HGNC Symbol;Acc:HGNC:11854]"
"ENSG00000157404";-7,5381267061232;3,58523366472973;8,60824867313909e-05;0,0103050403622137;"KIT";"4";54657928;54740715;"+";82788;"protein_coding";"KIT proto-oncogene, receptor tyrosine kinase [Source:HGNC Symbol;Acc:HGNC:6342]"
"ENSG00000157851";-13,3741130649469;5,30228850392428;5,59463815498187e-07;0,000604516492450786;"DPYSL5";"2";26848101;26950351;"+";102251;"protein_coding";"dihydropyrimidinase like 5 [Source:HGNC Symbol;Acc:HGNC:20637]"
"ENSG00000158270";-6,26961412607931;2,89267947194459;0,00052461998141056;0,0351090350059428;"COLEC12";"18";319355;500729;"-";181375;"protein_coding";"collectin subfamily member 12 [Source:HGNC Symbol;Acc:HGNC:16016]"
"ENSG00000158321";-8,47365391042435;5,46451637415318;9,88569833574377e-06;0,00278991266365184;"AUTS2";"7";69598475;70793068;"+";1194594;"protein_coding";"activator of transcription and developmental regulator AUTS2 [Source:HGNC Symbol;Acc:HGNC:14262]"
"ENSG00000159217";-9,21564126948736;7,49781709578866;1,7618895828049e-06;0,00105153036314091;"IGF2BP1";"17";48997412;49056145;"+";58734;"protein_coding";"insulin like growth factor 2 mRNA binding protein 1 [Source:HGNC Symbol;Acc:HGNC:28866]"
"ENSG00000161618";-12,4709671049645;4,4028410546725;2,6576699975325e-06;0,00129622410146699;"ALDH16A1";"19";49453216;49471050;"+";17835;"protein_coding";"aldehyde dehydrogenase 16 family member A1 [Source:HGNC Symbol;Acc:HGNC:28114]"
"ENSG00000162493";-6,78844987033431;4,76874121273715;0,000124324713154589;0,0128311183704289;"PDPN";"1";13583757;13617957;"+";34201;"protein_coding";"podoplanin [Source:HGNC Symbol;Acc:HGNC:29602]"
"ENSG00000162738";-9,63056105691736;1,61049626178463;0,000341561933480291;0,0260144429922248;"VANGL2";"1";160400574;160428678;"+";28105;"protein_coding";"VANGL planar cell polarity protein 2 [Source:HGNC Symbol;Acc:HGNC:15511]"
"ENSG00000163273";-9,27262034622779;1,26792674067387;0,000625935114582704;0,0396999891663727;"NPPC";"2";231922094;231926405;"-";4312;"protein_coding";"natriuretic peptide C [Source:HGNC Symbol;Acc:HGNC:7941]"
"ENSG00000163638";-9,57174320189271;1,55396068205187;0,000377396827332541;0,027424122205975;"ADAMTS9";"3";64515654;64688000;"-";172347;"protein_coding";"ADAM metallopeptidase with thrombospondin type 1 motif 9 [Source:HGNC Symbol;Acc:HGNC:13202]"
"ENSG00000163909";-10,2806646769012;2,24054101940646;0,000114618633090858;0,0123455797523839;"HEYL";"1";39623431;39639676;"-";16246;"protein_coding";"hes related family bHLH transcription factor with YRPW motif like [Source:HGNC Symbol;Acc:HGNC:4882]"
"ENSG00000164626";-10,6296507375143;2,58187925296309;6,28450649150964e-05;0,00842064599316195;"KCNK5";"6";39188971;39229475;"-";40505;"protein_coding";"potassium two pore domain channel subfamily K member 5 [Source:HGNC Symbol;Acc:HGNC:6280]"
"ENSG00000164742";-7,28871748243473;3,33981699925589;0,000132314028599168;0,0134759620562189;"ADCY1";"7";45574140;45723116;"+";148977;"protein_coding";"adenylate cyclase 1 [Source:HGNC Symbol;Acc:HGNC:232]"
"ENSG00000165025";-13,0685309309076;4,99771012517999;9,48012328953486e-07;0,000784394019270014;"SYK";"9";90801680;90898560;"+";96881;"protein_coding";"spleen associated tyrosine kinase [Source:HGNC Symbol;Acc:HGNC:11491]"
"ENSG00000165084";-9,6160798715953;1,59656872544123;0,00035005849898975;0,0263855687665028;"C8orf34";"8";68330373;68819023;"+";488651;"protein_coding";"chromosome 8 open reading frame 34 [Source:HGNC Symbol;Acc:HGNC:30905]"
"ENSG00000165186";-6,28499590418708;2,36111177669367;0,000721072666624718;0,0436069294038862;"PTCHD1";"X";23334369;23404374;"+";70006;"protein_coding";"patched domain containing 1 [Source:HGNC Symbol;Acc:HGNC:26392]"
"ENSG00000165194";-11,1301856974638;3,07417396843737;2,67413422018004e-05;0,00506687050892148;"PCDH19";"X";100291644;100410273;"-";118630;"protein_coding";"protocadherin 19 [Source:HGNC Symbol;Acc:HGNC:14270]"
"ENSG00000165323";-11,5361163207497;3,47520830736111;1,33260736997665e-05;0,00317090875237711;"FAT3";"11";92224636;92896473;"+";705404;"protein_coding";"FAT atypical cadherin 3 [Source:HGNC Symbol;Acc:HGNC:23112]"
"ENSG00000165556";-6,93357461902322;2,99166576338232;0,000241572678696625;0,0207302028278537;"CDX2";"13";27960918;27969368;"-";8451;"protein_coding";"caudal type homeobox 2 [Source:HGNC Symbol;Acc:HGNC:1806]"
"ENSG00000165633";-9,90525219086346;1,87563745510185;0,000214118086254151;0,018841401696849;"VSTM4";"10";49014245;49129118;"-";114874;"protein_coding";"V-set and transmembrane domain containing 4 [Source:HGNC Symbol;Acc:HGNC:26470]"
"ENSG00000166501";-11,1802623410565;3,1235705780211;2,45195642309691e-05;0,00493181909056718;"PRKCB";"16";23835979;24220611;"+";384633;"protein_coding";"protein kinase C beta [Source:HGNC Symbol;Acc:HGNC:9395]"
"ENSG00000166582";-7,6786638652226;2,81637317720213;0,000145104666148976;0,0143162072515436;"CENPV";"17";16342534;16353498;"-";10965;"protein_coding";"centromere protein V [Source:HGNC Symbol;Acc:HGNC:29920]"
"ENSG00000166831";-6,35979541668303;2,43341007178783;0,000635269110413089;0,0400825082039843;"RBPMS2";"15";64739891;64775587;"-";35697;"protein_coding";"RNA binding protein, mRNA processing factor 2 [Source:HGNC Symbol;Acc:HGNC:19098]"
"ENSG00000167925";-7,08586357176357;4,08915027762235;0,000106862479519947;0,0119705705520098;"GHDC";"17";42189087;42194532;"-";5446;"protein_coding";"GH3 domain containing [Source:HGNC Symbol;Acc:HGNC:24438]"
"ENSG00000168143";-10,8498517165866;2,79810752117142;4,29942489688989e-05;0,00654915743917043;"FAM83B";"6";54846323;54945099;"+";98777;"protein_coding";"family with sequence similarity 83 member B [Source:HGNC Symbol;Acc:HGNC:21357]"
"ENSG00000168243";-9,60145185495374;1,58250541240134;0,00035885393866286;0,02660781362721;"GNG4";"1";235547685;235650754;"-";107629;"protein_coding";"G protein subunit gamma 4 [Source:HGNC Symbol;Acc:HGNC:4407]"
"ENSG00000168610";-6,92527699564934;5,69946418114669;8,23283642932389e-05;0,0100242355533768;"STAT3";"17";42313324;42388503;"-";75180;"protein_coding";"signal transducer and activator of transcription 3 [Source:HGNC Symbol;Acc:HGNC:11364]"
"ENSG00000168671";-9,47876017869198;1,46477252158197;0,000441791148400429;0,030535534222117;"UGT3A2";"5";36035017;36071358;"-";36342;"protein_coding";"UDP glycosyltransferase family 3 member A2 [Source:HGNC Symbol;Acc:HGNC:27266]"
"ENSG00000168702";-9,16578281633089;4,28408707231262;1,14363861738179e-05;0,00301482666299683;"LRP1B";"2";140231423;142132463;"-";1901041;"protein_coding";"LDL receptor related protein 1B [Source:HGNC Symbol;Acc:HGNC:6693]"
"ENSG00000168952";-9,60145185495374;1,58250541240134;0,00035885393866286;0,02660781362721;"STXBP6";"14";24809654;25050297;"-";240644;"protein_coding";"syntaxin binding protein 6 [Source:HGNC Symbol;Acc:HGNC:19666]"
"ENSG00000169083";-6,41803289477223;3,43305595471109;0,000332864206738609;0,0255494479889428;"AR";"X";67544623;67730619;"+";185997;"protein_coding";"androgen receptor [Source:HGNC Symbol;Acc:HGNC:644]"
"ENSG00000169297";-9,8066744264068;1,78028711953575;0,000253233165484927;0,0213649953148236;"NR0B1";"X";30304422;30309378;"-";4957;"protein_coding";"nuclear receptor subfamily 0 group B member 1 [Source:HGNC Symbol;Acc:HGNC:7960]"
"ENSG00000169515";-7,3098329633668;3,36056755914398;0,000127587220300786;0,013084338992311;"CCDC8";"19";46410329;46413662;"-";3334;"protein_coding";"coiled-coil domain containing 8 [Source:HGNC Symbol;Acc:HGNC:25367]"
"ENSG00000170745";-6,3187197816556;2,39369245287011;0,000681052102175932;0,0422627689756456;"KCNS3";"2";17877847;17932961;"+";55115;"protein_coding";"potassium voltage-gated channel modifier subfamily S member 3 [Source:HGNC Symbol;Acc:HGNC:6302]"
"ENSG00000170837";-10,7136634576087;2,6643057219767;5,43735465119617e-05;0,00761355128582492;"GPR27";"3";71753724;71756380;"+";2657;"protein_coding";"G protein-coupled receptor 27 [Source:HGNC Symbol;Acc:HGNC:4482]"
"ENSG00000171004";-6,16538794900551;6,03983792394069;0,000262300130674555;0,0219020609113254;"HS6ST2";"X";132626010;132961395;"-";335386;"protein_coding";"heparan sulfate 6-O-sulfotransferase 2 [Source:HGNC Symbol;Acc:HGNC:19133]"
"ENSG00000171551";-9,68707458110347;1,66489948754472;0,000310315686558194;0,0244531447723758;"ECEL1";"2";232479827;232487859;"-";8033;"protein_coding";"endothelin converting enzyme like 1 [Source:HGNC Symbol;Acc:HGNC:3147]"
"ENSG00000171714";-12,3710184296358;4,30346170954545;3,16332174137272e-06;0,00135486930960488;"ANO5";"11";22192485;22283367;"+";90883;"protein_coding";"anoctamin 5 [Source:HGNC Symbol;Acc:HGNC:27337]"
"ENSG00000171956";-9,99752290274061;1,96507439473734;0,000182966063683679;0,0168208649355253;"FOXB1";"15";60004222;60005943;"+";1722;"protein_coding";"forkhead box B1 [Source:HGNC Symbol;Acc:HGNC:3799]"
"ENSG00000172201";-9,56008830018446;6,54686104118591;1,51517754354948e-06;0,000951061269835555;"ID4";"6";19837370;19842200;"+";4831;"protein_coding";"inhibitor of DNA binding 4 [Source:HGNC Symbol;Acc:HGNC:5363]"
"ENSG00000172716";-9,18537662537265;6,742960138395;2,29134826075179e-06;0,00119169749687043;"SLFN11";"17";35350305;35373914;"-";23610;"protein_coding";"schlafen family member 11 [Source:HGNC Symbol;Acc:HGNC:26633]"
"ENSG00000172828";-11,3118807435353;3,25350875098093;1,95208847836095e-05;0,00413184495018655;"CES3";"16";66961229;66975152;"+";13924;"protein_coding";"carboxylesterase 3 [Source:HGNC Symbol;Acc:HGNC:1865]"
"ENSG00000173705";-7,06450907137211;4,63539198922047;8,80686224374084e-05;0,0104437337734733;"SUSD5";"3";33150041;33219215;"-";69175;"protein_coding";"sushi domain containing 5 [Source:HGNC Symbol;Acc:HGNC:29061]"
"ENSG00000173757";-8,57594128593776;5,56627534400185;8,28610705334245e-06;0,00247726743757392;"STAT5B";"17";42199177;42288437;"-";89261;"protein_coding";"signal transducer and activator of transcription 5B [Source:HGNC Symbol;Acc:HGNC:11367]"
"ENSG00000173917";-7,30958755431037;4,87778250261685;5,7812752364389e-05;0,00803332466632804;"HOXB2";"17";48542655;48545031;"-";2377;"protein_coding";"homeobox B2 [Source:HGNC Symbol;Acc:HGNC:5113]"
"ENSG00000174460";-10,8925333675877;2,84008564825187;4,03599539066721e-05;0,00631684540818919;"ZCCHC12";"X";118823743;118826973;"+";3231;"protein_coding";"zinc finger CCHC-type containing 12 [Source:HGNC Symbol;Acc:HGNC:27273]"
"ENSG00000175352";-11,1301856974638;3,07417396843737;2,67413422018004e-05;0,00506687050892148;"NRIP3";"11";8980576;9004651;"-";24076;"protein_coding";"nuclear receptor interacting protein 3 [Source:HGNC Symbol;Acc:HGNC:1167]"
"ENSG00000175868";-9,19679757321823;1,19585290063359;0,000711289290342356;0,0432307143642802;"CALCB";"11";15073600;15078631;"+";5032;"protein_coding";"calcitonin related polypeptide beta [Source:HGNC Symbol;Acc:HGNC:1438]"
"ENSG00000176165";-12,2331108667387;4,16640690865824;4,00653269107776e-06;0,00159022053055337;"FOXG1";"14";28767072;28770277;"+";3206;"protein_coding";"forkhead box G1 [Source:HGNC Symbol;Acc:HGNC:3811]"
"ENSG00000176293";-7,10281847134224;3,15736732401273;0,000180727320869516;0,0166993879278569;"ZNF135";"19";58059227;58069755;"+";10529;"protein_coding";"zinc finger protein 135 [Source:HGNC Symbol;Acc:HGNC:12919]"
"ENSG00000176887";-9,36211703463621;1,35323257275188;0,00053814802395579;0,0357514908031651;"SOX11";"2";5692667;5701385;"+";8719;"protein_coding";"SRY-box transcription factor 11 [Source:HGNC Symbol;Acc:HGNC:11191]"
"ENSG00000177508";-11,11481736789;3,05901904683069;2,74627490541704e-05;0,00515365382508313;"IRX3";"16";54283300;54286772;"-";3473;"protein_coding";"iroquois homeobox 3 [Source:HGNC Symbol;Acc:HGNC:14360]"
"ENSG00000177551";-6,2764403044567;2,35285032539358;0,000731590766710574;0,0440965123391807;"NHLH2";"1";115830777;115841126;"-";10350;"protein_coding";"nescient helix-loop-helix 2 [Source:HGNC Symbol;Acc:HGNC:7818]"
"ENSG00000178522";-10,1051351838784;2,06959607874903;0,000152281028252253;0,0148233773116351;"AMBN";"4";70592258;70607288;"+";15031;"protein_coding";"ameloblastin [Source:HGNC Symbol;Acc:HGNC:452]"
"ENSG00000178538";-8,11245952512076;6,08138935730577;1,2823804375278e-05;0,0031494129057347;"CA8";"8";60185420;60281423;"-";96004;"protein_coding";"carbonic anhydrase 8 [Source:HGNC Symbol;Acc:HGNC:1382]"
"ENSG00000178568";-8,23204617982651;4,27104000138991;2,6285622356304e-05;0,00506687050892148;"ERBB4";"2";211375717;212538628;"-";1162912;"protein_coding";"erb-b2 receptor tyrosine kinase 4 [Source:HGNC Symbol;Acc:HGNC:3432]"
"ENSG00000178573";-11,8494608103818;3,78560263025634;7,77546478106144e-06;0,00239892856626545;"MAF";"16";79202624;79601952;"-";399329;"protein_coding";"MAF bZIP transcription factor [Source:HGNC Symbol;Acc:HGNC:6776]"
"ENSG00000179344";-10,8248830142267;2,77355995912494;4,48859499056419e-05;0,00669720447649508;"HLA-DQB1";"6";32659464;32666689;"-";51871;"protein_coding";"major histocompatibility complex, class II, DQ beta 1 [Source:HGNC Symbol;Acc:HGNC:4944]"
"ENSG00000180318";-11,5815442278669;3,52016821866119;1,23150278560053e-05;0,00313525107780229;"ALX1";"12";85280258;85301784;"+";21527;"protein_coding";"ALX homeobox 1 [Source:HGNC Symbol;Acc:HGNC:1494]"
"ENSG00000180447";-7,98140314178826;4,02289420416724;4,04280882301841e-05;0,00631684540818919;"GAS1";"9";86944362;86947189;"-";2828;"protein_coding";"growth arrest specific 1 [Source:HGNC Symbol;Acc:HGNC:4165]"
"ENSG00000180806";-7,93594975368836;3,97794147497653;4,37412241158686e-05;0,00660764732432495;"HOXC9";"12";54000119;54003337;"+";3219;"protein_coding";"homeobox C9 [Source:HGNC Symbol;Acc:HGNC:5130]"
"ENSG00000182013";-8,13126576221459;4,17121239704429;3,11815889837401e-05;0,0055106647016604;"PNMA8A";"19";46466491;46471577;"-";5087;"protein_coding";"PNMA family member 8A [Source:HGNC Symbol;Acc:HGNC:25578]"
"ENSG00000182175";-7,51649270682838;3,5639197231955;8,93542710932034e-05;0,0105276103346898;"RGMA";"15";93043406;93089214;"-";45809;"protein_coding";"repulsive guidance molecule BMP co-receptor a [Source:HGNC Symbol;Acc:HGNC:30308]"
"ENSG00000182674";-11,27548460784;3,21756222088273;2,07912097080381e-05;0,00430070898085703;"KCNB2";"8";72537391;72945890;"+";408500;"protein_coding";"potassium voltage-gated channel subfamily B member 2 [Source:HGNC Symbol;Acc:HGNC:6232]"
"ENSG00000182985";-13,677609263671;5,6049769918129;3,30878294145533e-07;0,000446146488024529;"CADM1";"11";115173625;115504523;"-";330899;"protein_coding";"cell adhesion molecule 1 [Source:HGNC Symbol;Acc:HGNC:5951]"
"ENSG00000183072";-11,5552187515782;3,49411216867533;1,28911812692488e-05;0,0031494129057347;"NKX2-5";"5";173232104;173235321;"-";3218;"protein_coding";"NK2 homeobox 5 [Source:HGNC Symbol;Acc:HGNC:2488]"
"ENSG00000184005";-7,16879790760674;2,31914783981853;0,000347092749839968;0,026270808005559;"ST6GALNAC3";"1";76074684;76637316;"+";562633;"protein_coding";"ST6 N-acetylgalactosaminide alpha-2,6-sialyltransferase 3 [Source:HGNC Symbol;Acc:HGNC:19343]"
"ENSG00000184160";-9,68707458110347;1,66489948754472;0,000310315686558194;0,0244531447723758;"ADRA2C";"4";3766569;3768526;"+";1958;"protein_coding";"adrenoceptor alpha 2C [Source:HGNC Symbol;Acc:HGNC:283]"
"ENSG00000184351";-9,47876017869198;1,46477252158197;0,000441791148400429;0,030535534222117;"KRTAP19-1";"21";30479699;30480378;"-";680;"protein_coding";"keratin associated protein 19-1 [Source:HGNC Symbol;Acc:HGNC:18936]"
"ENSG00000184368";-8,38523471719089;5,37658495191956;1,15107648782223e-05;0,00301482666299683;"MAP7D2";"X";20006713;20116996;"-";110284;"protein_coding";"MAP7 domain containing 2 [Source:HGNC Symbol;Acc:HGNC:25899]"
"ENSG00000184785";-7,01811325151312;3,07438418853252;0,000208986125494055;0,0185569484993575;"SMIM10";"X";134990938;134992473;"+";1536;"protein_coding";"small integral membrane protein 10 [Source:HGNC Symbol;Acc:HGNC:41913]"
"ENSG00000185432";-8,19166498960981;4,23103269445489;2,8193956287488e-05;0,00521030036853954;"METTL7A";"12";50924751;50932517;"+";7767;"protein_coding";"thiol methyltransferase 1A [Source:HGNC Symbol;Acc:HGNC:24550]"
"ENSG00000185477";-6,5900673726298;3,91217300610905;0,000216953934858519;0,0190323492830343;"GPRIN3";"4";89237666;89308010;"-";70345;"protein_coding";"GPRIN family member 3 [Source:HGNC Symbol;Acc:HGNC:27733]"
"ENSG00000185615";-11,1998162343594;3,14286518523175;2,37029864045304e-05;0,00482084314549349;"PDIA2";"16";283137;287215;"+";4079;"protein_coding";"protein disulfide isomerase family A member 2 [Source:HGNC Symbol;Acc:HGNC:14180]"
"ENSG00000185737";-10,2714535815192;2,23155724978244;0,000116449601670584;0,0123599539312516;"NRG3";"10";81875190;82989979;"+";1114790;"protein_coding";"neuregulin 3 [Source:HGNC Symbol;Acc:HGNC:7999]"
"ENSG00000185973";-6,31576098707152;2,93756515269054;0,000484978381055947;0,0328791861093535;"TMLHE";"X";155489011;155612961;"-";123951;"protein_coding";"trimethyllysine hydroxylase, epsilon [Source:HGNC Symbol;Acc:HGNC:18308]"
"ENSG00000186197";-6,99244386659893;2,14827853939052;0,000468823363996421;0,031962515710962;"EDARADD";"1";236394380;236484708;"+";90329;"protein_coding";"EDAR associated via death domain [Source:HGNC Symbol;Acc:HGNC:14341]"
"ENSG00000187122";-6,02437070102217;3,04925432235714;0,000645796674576582;0,0405405512036313;"SLIT1";"10";96998038;97185926;"-";187889;"protein_coding";"slit guidance ligand 1 [Source:HGNC Symbol;Acc:HGNC:11085]"
"ENSG00000187634";-8,4142363628611;5,71792214805104;9,55412004713978e-06;0,00275939967393042;"SAMD11";"1";925741;944581;"+";18841;"protein_coding";"sterile alpha motif domain containing 11 [Source:HGNC Symbol;Acc:HGNC:28706]"
"ENSG00000187764";-5,82745922285248;3,99170172231155;0,000607016536788028;0,0390442474174999;"SEMA4D";"9";89360791;89498065;"-";137275;"protein_coding";"semaphorin 4D [Source:HGNC Symbol;Acc:HGNC:10732]"
"ENSG00000187772";-13,7923402664451;5,71944416772545;2,71546922732654e-07;0,000412437059646781;"LIN28B";"6";104936999;105083332;"+";146334;"protein_coding";"lin-28 homolog B [Source:HGNC Symbol;Acc:HGNC:32207]"
"ENSG00000188763";-9,39641695539054;1,38599079201523;0,000507835022998248;0,0341741993480115;"FZD9";"7";73433779;73436120;"+";2342;"protein_coding";"frizzled class receptor 9 [Source:HGNC Symbol;Acc:HGNC:4047]"
"ENSG00000188856";-10,1290661084258;5,24208143816973;2,17004425115748e-06;0,00117256066612517;"RPSAP47";"8";80558794;80559827;"+";1034;"pseudogene";"ribosomal protein SA pseudogene 47 [Source:HGNC Symbol;Acc:HGNC:36162]"
"ENSG00000189067";-5,62119249125319;5,06179230830802;0,000687811703025607;0,0424414794243224;"LITAF";"16";11547722;11636377;"-";88656;"protein_coding";"lipopolysaccharide induced TNF factor [Source:HGNC Symbol;Acc:HGNC:16841]"
"ENSG00000196126";-10,4777488190396;2,43308541610232;8,16426756412374e-05;0,0100076877084003;"HLA-DRB1";"6";32578769;32589836;"-";69026;"protein_coding";"major histocompatibility complex, class II, DR beta 1 [Source:HGNC Symbol;Acc:HGNC:4948]"
"ENSG00000196376";-11,7234026331205;3,66065563209621;9,62598908391923e-06;0,00275939967393042;"SLC35F1";"6";117907226;118317676;"+";410451;"protein_coding";"solute carrier family 35 member F1 [Source:HGNC Symbol;Acc:HGNC:21483]"
"ENSG00000196502";-5,69944004870846;3,70081415452919;0,000786330886109915;0,0464000055896659;"SULT1A1";"16";28605587;28623586;"-";18000;"protein_coding";"sulfotransferase family 1A member 1 [Source:HGNC Symbol;Acc:HGNC:11453]"
"ENSG00000196632";-10,2528530621897;2,21342011466413;0,000120236373699643;0,0125785213244518;"WNK3";"X";54192823;54358695;"-";165873;"protein_coding";"WNK lysine deficient protein kinase 3 [Source:HGNC Symbol;Acc:HGNC:14543]"
"ENSG00000196660";-6,76645357978875;2,82846450227271;0,00031827087895017;0,0247584820920083;"SLC30A10";"1";219910395;219960104;"-";49710;"protein_coding";"solute carrier family 30 member 10 [Source:HGNC Symbol;Acc:HGNC:25355]"
"ENSG00000196730";-8,77045158712238;4,8053362455227;1,04099842374667e-05;0,00287110519810011;"DAPK1";"9";87497228;87708634;"+";211407;"protein_coding";"death associated protein kinase 1 [Source:HGNC Symbol;Acc:HGNC:2674]"
"ENSG00000197343";-10,9628865560397;2,90932293876399;3,57298203828948e-05;0,00590549696514583;"ZNF655";"7";99558422;99576453;"+";18032;"protein_coding";"zinc finger protein 655 [Source:HGNC Symbol;Acc:HGNC:30899]"
"ENSG00000197863";-9,54140988847462;1,52483970537148;0,000397309390855906;0,0284733182746065;"ZNF790";"19";36817391;36850787;"-";33397;"protein_coding";"zinc finger protein 790 [Source:HGNC Symbol;Acc:HGNC:33114]"
"ENSG00000198075";-10,555698081941;2,50939978152982;7,13851574059476e-05;0,0091187650544594;"SULT1C4";"2";108377911;108388989;"+";11079;"protein_coding";"sulfotransferase family 1C member 4 [Source:HGNC Symbol;Acc:HGNC:11457]"
"ENSG00000198353";-7,80238447713339;4,79781262204339;3,1355890118022e-05;0,00551129752082399;"HOXC4";"12";54016852;54056030;"+";39179;"protein_coding";"homeobox C4 [Source:HGNC Symbol;Acc:HGNC:5126]"
"ENSG00000198453";-10,6511170076207;2,60293156716145;6,05627472966053e-05;0,0082726183282218;"ZNF568";"19";36916329;36997932;"+";81604;"protein_coding";"zinc finger protein 568 [Source:HGNC Symbol;Acc:HGNC:25392]"
"ENSG00000198502";-9,47876017869198;1,46477252158197;0,000441791148400429;0,030535534222117;"HLA-DRB5";"6";32517343;32530316;"-";12974;"protein_coding";"major histocompatibility complex, class II, DR beta 5 [Source:HGNC Symbol;Acc:HGNC:4953]"
"ENSG00000198597";-10,2621832984705;2,22251718487004;0,000118321781761751;0,0124497768405153;"ZNF536";"19";30224236;30713586;"+";489351;"protein_coding";"zinc finger protein 536 [Source:HGNC Symbol;Acc:HGNC:29025]"
"ENSG00000198729";-7,10528861811435;4,67569239373266;8,2078571946338e-05;0,0100242355533768;"PPP1R14C";"6";150143052;150250392;"+";107341;"protein_coding";"protein phosphatase 1 regulatory inhibitor subunit 14C [Source:HGNC Symbol;Acc:HGNC:14952]"
"ENSG00000198732";-12,9878762765318;4,91735767485766;1,09136298443857e-06;0,000830877187757961;"SMOC1";"14";69879388;70032366;"+";152979;"protein_coding";"SPARC related modular calcium binding 1 [Source:HGNC Symbol;Acc:HGNC:20318]"
"ENSG00000198879";-8,03220963065769;4,62674372940328;2,59884002970179e-05;0,00506687050892148;"SFMBT2";"10";7158624;7411486;"-";252863;"protein_coding";"Scm like with four mbt domains 2 [Source:HGNC Symbol;Acc:HGNC:20256]"
"ENSG00000198885";-12,8631282157484;4,79311146096548;1,35346660140829e-06;0,00092730397930948;"ITPRIPL1";"2";96325324;96330507;"+";5184;"protein_coding";"ITPRIP like 1 [Source:HGNC Symbol;Acc:HGNC:29371]"
"ENSG00000198914";-13,0280836627138;4,95741230504659;1,01737094760679e-06;0,000818796691272776;"POU3F3";"2";104854068;104858574;"+";4507;"protein_coding";"POU class 3 homeobox 3 [Source:HGNC Symbol;Acc:HGNC:9216]"
"ENSG00000198915";-11,0730163259111;3,01780992200497;2,95249058167039e-05;0,00529499370030997;"RASGEF1A";"10";43194533;43266919;"-";72387;"protein_coding";"RasGEF domain family member 1A [Source:HGNC Symbol;Acc:HGNC:24246]"
"ENSG00000198944";-9,85680510866477;1,82874992483118;0,000232528275202866;0,0202038768187006;"SOWAHA";"5";132813324;132816797;"+";3474;"protein_coding";"sosondowah ankyrin repeat domain family member A [Source:HGNC Symbol;Acc:HGNC:27033]"
"ENSG00000204653";-9,64489832934101;1,6242906183265;0,000333351310079322;0,0255494479889428;"ASPDH";"19";50511600;50514690;"-";3091;"protein_coding";"aspartate dehydrogenase domain containing [Source:HGNC Symbol;Acc:HGNC:33856]"
"ENSG00000205363";-10,0523321762545;2,01828163343593;0,000166638962978188;0,0157071510040881;"C15orf59";"15";73735431;73753170;"-";17740;"protein_coding";"inhibitory synaptic factor 1 [Source:HGNC Symbol;Acc:HGNC:33753]"
"ENSG00000206052";-7,30222401976288;2,4488352997264;0,000276375077660168;0,0226811031390298;"DOK6";"18";69401027;69849087;"+";448061;"protein_coding";"docking protein 6 [Source:HGNC Symbol;Acc:HGNC:28301]"
"ENSG00000213023";-7,16879790760674;2,31914783981853;0,000347092749839968;0,026270808005559;"SYT3";"19";50621977;50658114;"-";36138;"protein_coding";"synaptotagmin 3 [Source:HGNC Symbol;Acc:HGNC:11511]"
"ENSG00000213614";-7,5965448874913;5,3797025843685;3,29434449663837e-05;0,00563069980021674;"HEXA";"15";72343435;72376473;"-";33039;"protein_coding";"hexosaminidase subunit alpha [Source:HGNC Symbol;Acc:HGNC:4878]"
"ENSG00000214336";-10,2621832984705;2,22251718487004;0,000118321781761751;0,0124497768405153;"FOXI3";"2";88446787;88452535;"-";5749;"protein_coding";"forkhead box I3 [Source:HGNC Symbol;Acc:HGNC:35123]"
"ENSG00000215612";-10,9044997371846;2,85185841900131;3,95320758942257e-05;0,00625741197828339;"HMX1";"4";8846076;8871817;"-";25742;"protein_coding";"H6 family homeobox 1 [Source:HGNC Symbol;Acc:HGNC:5017]"
"ENSG00000215845";-7,17823955180268;3,23133623438571;0,000158786757083346;0,0152126070483586;"TSTD1";"1";161037631;161038984;"-";1354;"protein_coding";"thiosulfate sulfurtransferase like domain containing 1 [Source:HGNC Symbol;Acc:HGNC:35410]"
"ENSG00000219438";-12,0405085979601;3,97513956247364;5,60342700504172e-06;0,00194281532458551;"FAM19A5";"22";48489460;48751935;"+";262476;"protein_coding";"TAFA chemokine like family member 5 [Source:HGNC Symbol;Acc:HGNC:21592]"
"ENSG00000223764";-5,68013720433596;3,99706867429068;0,000750258520871557;0,0448504297386698;"LOC100130417";"1";916818;919692;"-";2875;"lncRNA";"long intergenic non-protein coding RNA 2593 [Source:HGNC Symbol;Acc:HGNC:53933]"
"ENSG00000228526";-6,07097571901607;3,09455075846693;0,000596689005079262;0,0387220319410261;"MIR34AHG";"1";9148011;9182338;"-";34328;"lncRNA";"MIR34A host gene [Source:HGNC Symbol;Acc:HGNC:51913]"
"ENSG00000228623";-9,65909452113295;1,63795431815899;0,000325414374125052;0,0251529420475513;"ZNF883";"9";112997120;113012192;"-";15073;"protein_coding";"zinc finger protein 883 [Source:HGNC Symbol;Acc:HGNC:27271]"
"ENSG00000229544";-9,36211703463621;1,35323257275188;0,00053814802395579;0,0357514908031651;"NKX1-2";"10";124445239;124449981;"-";4743;"protein_coding";"NK1 homeobox 2 [Source:HGNC Symbol;Acc:HGNC:31652]"
"ENSG00000229807";-19,0885223859531;11,0125162005479;2,81708287989003e-11;5,12793596626382e-07;"XIST";"X";73820651;73852753;"-";32103;"lncRNA";"X inactive specific transcript [Source:HGNC Symbol;Acc:HGNC:12810]"
"ENSG00000229847";-9,34465634281034;1,33657021152777;0,000554260240241891;0,036754823872944;"EMX2OS";"10";117484293;117545068;"-";60776;"antisense_RNA";"EMX2 opposite strand/antisense RNA [Source:HGNC Symbol;Acc:HGNC:18511]"
"ENSG00000232903";-9,11676770094838;1,11998767055321;0,000813871630017555;0,0474076968998706;"LINC01166";"10";132943967;132965289;"-";21323;"lncRNA";"long intergenic non-protein coding RNA 1166 [Source:HGNC Symbol;Acc:HGNC:49535]"
"ENSG00000233593";-10,2898173356111;2,24946919056419;0,000112827716948813;0,0122982211474206;"LOC105378853";"1";90782984;90851650;"-";68667;"lncRNA";"long intergenic non-protein coding RNA 2609 [Source:HGNC Symbol;Acc:HGNC:27140]"
"ENSG00000234456";-7,19041256420795;4,19229907794646;8,92322984721724e-05;0,0105276103346898;"MAGI2-AS3";"7";79452957;79471208;"+";18252;"lncRNA";"MAGI2 antisense RNA 3 [Source:HGNC Symbol;Acc:HGNC:40862]"
"ENSG00000234546";-9,52600066585111;1,51005576049482;0,000407820221301829;0,0289982480013953;"LINC01759";"1";9182204;9192086;"+";9883;"lncRNA";"long non coding transcriptional activator of miR34a [Source:HGNC Symbol;Acc:HGNC:52548]"
"ENSG00000234965";-7,01811325151312;3,07438418853252;0,000208986125494055;0,0185569484993575;"SHISA8";"22";41906049;41915095;"-";9047;"protein_coding";"shisa family member 8 [Source:HGNC Symbol;Acc:HGNC:18351]"
"ENSG00000237943";-10,1154677719082;2,07964351744198;0,000149618772513577;0,0146425296562615;"PRKCQ-AS1";"10";6580425;6585361;"+";4937;"lncRNA";"PRKCQ antisense RNA 1 [Source:HGNC Symbol;Acc:HGNC:44689]"
"ENSG00000241935";-9,11676770094838;1,11998767055321;0,000813871630017555;0,0474076968998706;"HOGA1";"10";97584345;97612802;"+";28458;"protein_coding";"4-hydroxy-2-oxoglutarate aldolase 1 [Source:HGNC Symbol;Acc:HGNC:25155]"
"ENSG00000242173";-10,9163676681979;2,86353589649951;3,87277786826775e-05;0,0061707479275603;"ARHGDIG";"16";280606;283003;"+";2398;"protein_coding";"Rho GDP dissociation inhibitor gamma [Source:HGNC Symbol;Acc:HGNC:680]"
"ENSG00000243943";-8,73071320851248;5,72031535504077;6,34643656299615e-06;0,00204467583639325;"ZNF512";"2";27582969;27623215;"+";40247;"protein_coding";"zinc finger protein 512 [Source:HGNC Symbol;Acc:HGNC:29380]"
"ENSG00000248370";-9,63056105691736;1,61049626178463;0,000341561933480291;0,0260144429922248;"LINC02434";"4";188159004;188161142;"+";2139;"lncRNA";"long intergenic non-protein coding RNA 2434 [Source:HGNC Symbol;Acc:HGNC:53365]"
"ENSG00000250722";-11,8861316588003;3,82196788793527;7,29488774132785e-06;0,00232962879921738;"SELENOP";"5";42799880;42812076;"-";12197;"protein_coding";"selenoprotein P [Source:HGNC Symbol;Acc:HGNC:10751]"
"ENSG00000253250";-6,10854683555764;2,73633402015456;0,000682279207546226;0,0422627689756456;"C8orf88";"8";90958471;90985257;"-";26787;"protein_coding";"chromosome 8 open reading frame 88 [Source:HGNC Symbol;Acc:HGNC:44672]"
"ENSG00000260027";-7,03849594225858;3,09434340590092;0,000201808141089812;0,0181857108527616;"HOXB7";"17";48607232;48611021;"-";3790;"protein_coding";"homeobox B7 [Source:HGNC Symbol;Acc:HGNC:5118]"
"ENSG00000261115";-11,0354197235473;2,98076032157954;3,15115620437257e-05;0,00551129752082399;"TMEM178B";"7";141073402;141511338;"+";437937;"protein_coding";"transmembrane protein 178B [Source:HGNC Symbol;Acc:HGNC:44112]"
"ENSG00000261787";-6,33529063584936;2,40971095464418;0,000662201524942685;0,0414228672114491;"TCF24";"8";66946501;66962592;"-";16092;"protein_coding";"transcription factor 24 [Source:HGNC Symbol;Acc:HGNC:32275]"
"ENSG00000267260";-6,21508688620698;2,29365628000396;0,000811601591296048;0,0474076968998706;"LOC728485";"19";36773118;36777078;"+";3961;"protein_coding";"novel transcript"
"ENSG00000267313";-9,32698173558699;1,31971313632652;0,000571056005097706;0,0373918433841494;"KC6";"18";41480271;41520677;"-";40407;"lncRNA";"keratoconus gene 6 [Source:NCBI gene (formerly Entrezgene);Acc:641516]"
"ENSG00000267454";-11,0783081725543;3,02302589705467;2,92555179899092e-05;0,00529499370030997;"ZNF582-AS1";"19";56393676;56399175;"+";5500;"lncRNA";"ZNF582 divergent transcript [Source:HGNC Symbol;Acc:HGNC:25213]"
"ENSG00000269113";-10,1955678207788;2,1575990742729;0,000132687450776132;0,0134759620562189;"TRABD2B";"1";47760528;47997368;"-";236841;"protein_coding";"TraB domain containing 2B [Source:HGNC Symbol;Acc:HGNC:44200]"
"ENSG00000269190";-9,54140988847462;1,52483970537148;0,000397309390855906;0,0284733182746065;"FBXO17";"19";38941401;38975813;"-";68826;"protein_coding";"F-box protein 17 [Source:HGNC Symbol;Acc:HGNC:18754]"
"ENSG00000270885";-11,3517579935432;3,2929060779174;1,82179770051252e-05;0,00390143335793287;"RASL10B";"17";35731660;35743521;"+";11862;"protein_coding";"RAS like family 10 member B [Source:HGNC Symbol;Acc:HGNC:30295]"
"ENSG00000274253";-9,13719520181646;1,13933130699572;0,000786375966841286;0,0464000055896659;"LOC283683";"15";22757857;22778737;"+";20881;"lncRNA";"novel transcript, sense overlapping NIPA1"
"ENSG00000276644";-6,38333378970662;5,16428718780231;0,000207710285794042;0,0185340702564164;"DACH1";"13";71437966;71868068;"-";430103;"protein_coding";"dachshund family transcription factor 1 [Source:HGNC Symbol;Acc:HGNC:2663]"
"ENSG00000286733";-9,57174320189271;1,55396068205187;0,000377396827332541;0,027424122205975;"LINC02348";"15";101602786;101614339;"-";11554;"lncRNA";"long intergenic non-protein coding RNA 2348 [Source:HGNC Symbol;Acc:HGNC:53270]"
"ENSG00000290418";-7,72264017826525;3,76720130153264;6,29590258123283e-05;0,00842064599316195;"TPTEP1";"22";16601911;16648830;"+";46920;"transcribed_pseudogene";"TPTE pseudogene 1 [Source:HGNC Symbol;Acc:HGNC:43648]"
"ENSG00000290720";-7,28169082551382;4,85016945972651;6,06710183386041e-05;0,0082726183282218;"ZNF542P";"19";56368099;56379828;"+";11730;"transcribed_pseudogene";"zinc finger protein 542, pseudogene [Source:NCBI gene (formerly Entrezgene);Acc:147947]"
"ENSG00000291044";-10,1660489989411;2,12885711832221;0,000139597118841594;0,0139237608453345;"BCRP2";"22";21103016;21122286;"+";19271;"transcribed_pseudogene";"novel transcript"
